{
	"type": "package",
	"handle": "initial-tst",
	"version": "0.0.3",
	"description": "",
	"author": "matousidc",
	"entrypoint": "Unused",
	"public": false,
	"plugin": null,
	"build_config": {
		"ignore": [
			"tests",
			"examples"
		]
	},
	"configTemplate": {},
	"steamshipRegistry": {
		"tagline": null,
		"tagline2": null,
		"usefulFor": null,
		"videoUrl": null,
		"githubUrl": null,
		"demoUrl": null,
		"blogUrl": null,
		"jupyterUrl": null,
		"authorGithub": null,
		"authorName": "matousidc",
		"authorEmail": null,
		"authorTwitter": null,
		"authorUrl": null,
		"tags": [
			"Prompt API"
		]
	}
}